t_pre,t_test,t_train,t_train_end,t_train_HDV_end,t_train_CAV_end,t_dynamic,t_dynamic_start,t_dynamic_end,t_dynamic_HDV,t_dynamic_CAV,t_dynamic_HDV_start,t_dynamic_CAV_start,t_CAV,t_CAV_dynamic_end,t_HDV_pre,t_HDV_test,t_HDV_dynamic_end,CAV_advantage,Effect_of_change,Effect_of_remaining,avg_speed_pre,avg_speed_test,avg_mileage_pre,avg_mileage_test,winrate,cost_of_learning,cost_of_learning_humans,cost_of_learning_CAVs,avg_time_lost,avg_human_time_lost,avg_CAV_time_lost,diff_sumo_routerl,switch_cost,switch_cost_hdv,switch_cost_cav,dynamic_recovery,dynamic_volatility,dynamic_volatility_hdv,dynamic_volatility_cav,dynamic_instability_humans,dynamic_instability_CAVs,dynamic_time_excess,switches_hdv_to_cav,switches_cav_to_hdv,switches_total,switch_events,switch_events_with_changes,switches_per_event,switches_per_agent,switches_per_agent_hdv_to_cav,switches_per_agent_cav_to_hdv,switch_churn_hdv_to_cav,switch_churn_cav_to_hdv,switch_churn_total,machine_ratio_start,machine_ratio_end,machine_ratio_delta,machine_ratio_avg,machine_ratio_min,machine_ratio_max,machine_ratio_std
4.934684317718941,5.77775967413442,5.137576544467074,5.161173794976238,4.910469889737066,6.166547619047618,5.404595383570944,5.195934147997284,5.610433808553972,4.803555959867705,6.341623333073126,4.859587326523829,6.182868626561925,6.762373046875,6.543504299765958,4.934684317718941,4.705159574468085,4.704798464316149,0.6957852726924632,0.7297267221895332,1.0487815003121979,26.881200000000003,26.1792,2.146443,2.3642214999999998,0.0,3.7947725729803126,3.480916030534351,5.053401360544218,151.42216564833674,-0.10273117190138463,0.785787295386905,-0.0005804480652500388,0.24342158859470545,-0.10691392986936137,0.17507571402550753,-0.4144996605566869,0.17856618356531234,0.08383563848851928,0.219750125698726,0.5574727283395704,0.31725824872650277,230.72633333333334,158,0,158,99,76,2.0789473684210527,0.32179226069246436,0.4020356234096692,0.0,158,0,158,0.2077393075356415,0.5213849287169042,0.3136456211812627,0.38013536587874663,0.2077393075356415,0.5213849287169042,0.09062018495490978
