t_pre,t_test,t_train,t_CAV,t_HDV_pre,t_HDV_test,CAV_advantage,Effect_of_change,Effect_of_remaining,avg_speed_pre,avg_speed_test,avg_mileage_pre,avg_mileage_test,winrate,cost_of_learning,cost_of_learning_humans,cost_of_learning_CAVs,avg_time_lost,avg_human_time_lost,avg_CAV_time_lost,diff_sumo_routerl
4.934684317718941,5.302294019625996,5.130281398506449,5.5333436505129105,5.068482905982906,5.048534382284383,0.9123840305520173,0.9159891787153117,1.003951349478479,26.881200000000003,26.529381818181818,2.146443,2.2430624545454543,0.0,3.6541412084181943,3.324287749287749,3.954474708171206,119.99355057705363,-0.019113417446750748,0.5632323513062812,-0.0005502684688281079
