episode,shifted_humans,shifted_avs,machine_ratio
12,None,None,0.2972972972972973
14,None,None,0.2972972972972973
16,None,None,0.2972972972972973
18,None,None,0.2972972972972973
