episode,shifted_humans,shifted_avs,machine_ratio
12,None,None,0.2972972972972973
14,215,None,0.30180180180180183
16,116,None,0.3063063063063063
18,162,None,0.3108108108108108
