t_pre,t_test,t_train,t_train_end,t_train_HDV_end,t_train_CAV_end,t_dynamic,t_dynamic_start,t_dynamic_end,t_dynamic_HDV,t_dynamic_CAV,t_dynamic_HDV_start,t_dynamic_CAV_start,t_CAV,t_CAV_dynamic_end,t_HDV_pre,t_HDV_test,t_HDV_dynamic_end,CAV_advantage,Effect_of_change,Effect_of_remaining,avg_speed_pre,avg_speed_test,avg_mileage_pre,avg_mileage_test,winrate,cost_of_learning,cost_of_learning_humans,cost_of_learning_CAVs,avg_time_lost,avg_human_time_lost,avg_CAV_time_lost,diff_sumo_routerl,switch_cost,switch_cost_hdv,switch_cost_cav,dynamic_recovery,dynamic_volatility,dynamic_volatility_hdv,dynamic_volatility_cav,dynamic_instability_humans,dynamic_instability_CAVs,dynamic_time_excess,switches_hdv_to_cav,switches_cav_to_hdv,switches_total,switch_events,switch_events_with_changes,switches_per_event,switches_per_agent,switches_per_agent_hdv_to_cav,switches_per_agent_cav_to_hdv,switch_churn_hdv_to_cav,switch_churn_cav_to_hdv,switch_churn_total,machine_ratio_start,machine_ratio_end,machine_ratio_delta,machine_ratio_avg,machine_ratio_min,machine_ratio_max,machine_ratio_std
4.934684317718941,4.822320095044128,4.983973693143245,4.922016972165649,4.940036471586089,4.849755102040817,4.966576374745418,4.928276985743381,4.988680244399187,4.893321401414039,5.052672741167157,4.930002206391165,4.920645064729397,4.827318295739349,5.157176391494584,4.934684317718941,4.816411111111111,4.813611601970306,0.9977405292213972,1.0222413388556446,1.024556293862661,26.881200000000003,26.9226,2.146443,2.1152474999999997,0.295,3.6956211812627293,3.417557251908397,4.810714285714286,13.989002036659883,-0.03436701940035273,0.09055033416875524,-0.0012057026476099963,0.04455940257976939,-0.04671507017205082,0.20291763912634053,-0.06040325865580579,0.060339685348679735,0.07364753818388313,0.14177313691705914,0.5687851419120242,0.49235527484286634,15.659000000000015,168,0,168,99,83,2.0240963855421685,0.3421588594704684,0.42748091603053434,0.0,168,0,168,0.2097759674134419,0.5417515274949084,0.3319755600814665,0.3850315785142669,0.2097759674134419,0.5417515274949084,0.0962417721119459
