t_pre,t_test,t_train,t_train_end,t_train_HDV_end,t_train_CAV_end,t_dynamic,t_dynamic_start,t_dynamic_end,t_dynamic_HDV,t_dynamic_CAV,t_dynamic_HDV_start,t_dynamic_CAV_start,t_CAV,t_CAV_dynamic_end,t_HDV_pre,t_HDV_test,t_HDV_dynamic_end,CAV_advantage,Effect_of_change,Effect_of_remaining,avg_speed_pre,avg_speed_test,avg_mileage_pre,avg_mileage_test,winrate,cost_of_learning,cost_of_learning_humans,cost_of_learning_CAVs,avg_time_lost,avg_human_time_lost,avg_CAV_time_lost,diff_sumo_routerl,switch_cost,switch_cost_hdv,switch_cost_cav,dynamic_recovery,dynamic_volatility,dynamic_volatility_hdv,dynamic_volatility_cav,dynamic_instability_humans,dynamic_instability_CAVs,dynamic_time_excess,switches_hdv_to_cav,switches_cav_to_hdv,switches_total,switch_events,switch_events_with_changes,switches_per_event,switches_per_agent,switches_per_agent_hdv_to_cav,switches_per_agent_cav_to_hdv,switch_churn_hdv_to_cav,switch_churn_cav_to_hdv,switch_churn_total,machine_ratio_start,machine_ratio_end,machine_ratio_delta,machine_ratio_avg,machine_ratio_min,machine_ratio_max,machine_ratio_std
4.934684317718941,4.864551934826884,4.906460624575696,4.888675492192804,4.961066157760814,4.598374149659864,4.869938900203667,4.892748811948405,4.8411133740665315,4.907510517601559,4.780914555370178,4.9715805625155065,4.651784407994234,4.836518661518662,4.834318486212572,4.934684317718941,4.8958477011494255,4.847529720768377,1.012266889426647,1.0202967595227794,1.007932562232358,26.881200000000003,26.8758,2.146443,2.1221034999999997,0.86,3.5832993890020366,3.331679389312977,4.59234693877551,-19.99646978954514,-0.011262828407224935,-0.08016930195501623,-0.0006160896130040783,-0.018736591989137234,-0.053555640159255326,0.1825404057103147,0.05163543788187326,0.05172194211075379,0.06745490868311801,0.10960477945897866,0.577817152140083,0.21022381233264947,-31.789999999999978,161,0,161,99,79,2.037974683544304,0.32790224032586557,0.40966921119592875,0.0,161,0,161,0.2077393075356415,0.5274949083503055,0.31975560081466403,0.3740253862453455,0.2077393075356415,0.5274949083503055,0.09050380872139212
