t_pre,t_test,t_train,t_CAV,t_HDV_pre,t_HDV_test,CAV_advantage,Effect_of_change,Effect_of_remaining,avg_speed_pre,avg_speed_test,avg_mileage_pre,avg_mileage_test,winrate,cost_of_learning,cost_of_learning_humans,cost_of_learning_CAVs,avg_time_lost,avg_human_time_lost,avg_CAV_time_lost,diff_sumo_routerl
4.934684317718941,4.917810744923779,4.915146469789545,4.861392567406345,5.028396624472574,4.978275795934024,1.024043157779796,1.034353131278869,1.010067909170377,26.881200000000003,26.856163636363636,2.146443,2.1379597272727273,0.0,3.3362525458248475,3.4163150492264416,3.2615485564304465,-7.61975560081466,-0.042785312437211155,0.004851424821897284,-0.00023560451768389612
