t_pre,t_test,t_train,t_train_end,t_train_HDV_end,t_train_CAV_end,t_dynamic,t_dynamic_start,t_dynamic_end,t_dynamic_HDV,t_dynamic_CAV,t_dynamic_HDV_start,t_dynamic_CAV_start,t_CAV,t_CAV_dynamic_end,t_HDV_pre,t_HDV_test,t_HDV_dynamic_end,CAV_advantage,Effect_of_change,Effect_of_remaining,avg_speed_pre,avg_speed_test,avg_mileage_pre,avg_mileage_test,winrate,cost_of_learning,cost_of_learning_humans,cost_of_learning_CAVs,avg_time_lost,avg_human_time_lost,avg_CAV_time_lost,diff_sumo_routerl,switch_cost,switch_cost_hdv,switch_cost_cav,dynamic_recovery,dynamic_volatility,dynamic_volatility_hdv,dynamic_volatility_cav,dynamic_instability_humans,dynamic_instability_CAVs,dynamic_time_excess,switches_hdv_to_cav,switches_cav_to_hdv,switches_total,switch_events,switch_events_with_changes,switches_per_event,switches_per_agent,switches_per_agent_hdv_to_cav,switches_per_agent_cav_to_hdv,switch_churn_hdv_to_cav,switch_churn_cav_to_hdv,switch_churn_total,machine_ratio_start,machine_ratio_end,machine_ratio_delta,machine_ratio_avg,machine_ratio_min,machine_ratio_max,machine_ratio_std
4.889925322471147,6.2483740665308884,5.020353869653769,5.020353869653769,4.790671119592876,5.941428571428572,5.803228530210455,5.171575016972165,6.136654446707399,4.872140700671086,6.321272609369937,4.7955933046025185,6.122585412678983,6.532219551282052,6.447075434987194,4.8899253224711465,4.673977777777777,4.613811694077139,0.7155267426460635,0.7485855740276552,1.046202090587611,27.129600000000007,24.444,2.1489920000000002,2.0697110000000003,0.0,1.8883910386965377,2.0715860899067007,1.1537414965986394,397.7073998642227,0.05400193236714974,1.0107194119286511,-0.000943991853262105,0.7828746605566863,0.08146958107821073,0.37984403794136484,-0.9650794297352349,0.31633862218159864,0.1644661306764122,0.1629127287475455,0.5698538285416384,0.004954719650141788,448.43187500000016,374,56,430,199,165,2.606060606060606,0.8757637474541752,0.9516539440203562,0.5714285714285714,356,55,361,0.2057026476578411,0.8472505091649695,0.6415478615071284,0.6340664626595299,0.2057026476578411,0.8472505091649695,0.1806661769481685
