t_pre,t_test,t_train,t_CAV,t_HDV_pre,t_HDV_test,CAV_advantage,Effect_of_change,Effect_of_remaining,avg_speed_pre,avg_speed_test,avg_mileage_pre,avg_mileage_test,winrate,cost_of_learning,cost_of_learning_humans,cost_of_learning_CAVs,avg_time_lost,avg_human_time_lost,avg_CAV_time_lost,diff_sumo_routerl
4.934684317718941,4.925317533790039,4.9617813985064485,4.8924504076913715,4.996356749311294,4.9591353618832965,1.0136301747866652,1.0212380980820108,1.007505620377715,26.881200000000003,26.874000000000002,2.146443,2.144575636363636,0.0,3.5991174473862864,3.2393939393939397,3.9487282463186077,3.358723693143251,-0.036430539157811866,0.05117549563332697,-0.0005065728568638406
