t_pre,t_test,t_train,t_CAV,t_HDV_pre,t_HDV_test,CAV_advantage,Effect_of_change,Effect_of_remaining,avg_speed_pre,avg_speed_test,avg_mileage_pre,avg_mileage_test,winrate,cost_of_learning,cost_of_learning_humans,cost_of_learning_CAVs,avg_time_lost,avg_human_time_lost,avg_CAV_time_lost,diff_sumo_routerl
4.934684317718941,5.026073566623466,4.9970383570943655,4.971005892255892,5.123305439330545,5.084136553822747,1.0227581024884915,1.0306375712231426,1.007704137190876,26.881200000000003,26.79349090909091,2.146443,2.1754158636363634,0.0,3.5078411405295316,3.5364714086471407,3.4806878306878306,32.57644263408011,-0.030665139137942467,0.18020786092214663,-0.00041399740786118855
