t_pre,t_test,t_train,t_CAV,t_HDV_pre,t_HDV_test,CAV_advantage,Effect_of_change,Effect_of_remaining,avg_speed_pre,avg_speed_test,avg_mileage_pre,avg_mileage_test,winrate,cost_of_learning,cost_of_learning_humans,cost_of_learning_CAVs,avg_time_lost,avg_human_time_lost,avg_CAV_time_lost,diff_sumo_routerl
4.934684317718941,4.952624822563722,4.927512559402579,5.06965484965485,4.867298850574713,4.821974921630093,0.9511446172629249,0.9600848568430819,1.0093994534773103,26.881200000000003,26.841109090909093,2.146443,2.1509938636363635,0.0,3.429056347589952,3.3737068965517243,3.4786357786357787,2.512559402579773,-0.03283285440613024,0.0407510571796286,-0.00044389927785459804
