t_pre,t_test,t_train,t_CAV,t_HDV_pre,t_HDV_test,CAV_advantage,Effect_of_change,Effect_of_remaining,avg_speed_pre,avg_speed_test,avg_mileage_pre,avg_mileage_test,winrate,cost_of_learning,cost_of_learning_humans,cost_of_learning_CAVs,avg_time_lost,avg_human_time_lost,avg_CAV_time_lost,diff_sumo_routerl
4.934684317718942,5.349075942726656,5.1234088594704685,5.779910411165599,4.968473333333334,4.933751515151514,0.8536034582163282,0.8596107863082557,1.007037609834056,26.881200000000003,26.473090909090914,2.146443,2.2519856818181814,0.0,3.659063136456212,3.2545333333333333,4.078699861687413,128.9110658520027,-0.03148285714285713,0.6579829414476719,-0.00023838178117330244
