t_pre,t_test,t_train,t_train_end,t_train_HDV_end,t_train_CAV_end,t_dynamic,t_dynamic_start,t_dynamic_end,t_dynamic_HDV,t_dynamic_CAV,t_dynamic_HDV_start,t_dynamic_CAV_start,t_CAV,t_CAV_dynamic_end,t_HDV_pre,t_HDV_test,t_HDV_dynamic_end,CAV_advantage,Effect_of_change,Effect_of_remaining,avg_speed_pre,avg_speed_test,avg_mileage_pre,avg_mileage_test,winrate,cost_of_learning,cost_of_learning_humans,cost_of_learning_CAVs,avg_time_lost,avg_human_time_lost,avg_CAV_time_lost,diff_sumo_routerl,switch_cost,switch_cost_hdv,switch_cost_cav,dynamic_recovery,dynamic_volatility,dynamic_volatility_hdv,dynamic_volatility_cav,dynamic_instability_humans,dynamic_instability_CAVs,dynamic_time_excess,switches_hdv_to_cav,switches_cav_to_hdv,switches_total,switch_events,switch_events_with_changes,switches_per_event,switches_per_agent,switches_per_agent_hdv_to_cav,switches_per_agent_cav_to_hdv,switch_churn_hdv_to_cav,switch_churn_cav_to_hdv,switch_churn_total,machine_ratio_start,machine_ratio_end,machine_ratio_delta,machine_ratio_avg,machine_ratio_min,machine_ratio_max,machine_ratio_std
4.934684317718941,4.768708418194162,4.962251018329938,4.9047535641547855,4.943374045801527,4.749877551020408,4.913545655125594,4.8978391038696545,4.9446503733876455,4.928611250508004,4.866016364180419,4.9566638033597,4.709490824602602,4.630919654714475,4.931141547528497,4.934684317718941,4.9128125,4.957882083790632,1.0608718929076097,1.0655948894935414,1.004451995210267,26.881200000000003,27.1512,2.146443,2.1148629999999997,0.435,3.6852002715546504,3.3999151823579306,4.829251700680272,-2.0339103869653723,-0.05276835317460316,0.0409827357237716,-5.091649711630453e-06,0.008792090970808885,-0.014762795293522875,0.11613881316001103,-0.04681126951799115,0.06297444108210164,0.06917785143343612,0.13679691320632165,0.564218423738693,0.34780234982554636,-10.379083333333318,153,0,153,99,75,2.04,0.31160896130346233,0.3893129770992366,0.0,153,0,153,0.2016293279022403,0.5112016293279023,0.30957230142566194,0.3711041165216318,0.2016293279022403,0.5112016293279023,0.09110834514638949
