t_pre,t_test,t_train,t_train_end,t_train_HDV_end,t_train_CAV_end,t_dynamic,t_dynamic_start,t_dynamic_end,t_dynamic_HDV,t_dynamic_CAV,t_dynamic_HDV_start,t_dynamic_CAV_start,t_CAV,t_CAV_dynamic_end,t_HDV_pre,t_HDV_test,t_HDV_dynamic_end,CAV_advantage,Effect_of_change,Effect_of_remaining,avg_speed_pre,avg_speed_test,avg_mileage_pre,avg_mileage_test,winrate,cost_of_learning,cost_of_learning_humans,cost_of_learning_CAVs,avg_time_lost,avg_human_time_lost,avg_CAV_time_lost,diff_sumo_routerl,switch_cost,switch_cost_hdv,switch_cost_cav,dynamic_recovery,dynamic_volatility,dynamic_volatility_hdv,dynamic_volatility_cav,dynamic_instability_humans,dynamic_instability_CAVs,dynamic_time_excess,switches_hdv_to_cav,switches_cav_to_hdv,switches_total,switch_events,switch_events_with_changes,switches_per_event,switches_per_agent,switches_per_agent_hdv_to_cav,switches_per_agent_cav_to_hdv,switch_churn_hdv_to_cav,switch_churn_cav_to_hdv,switch_churn_total,machine_ratio_start,machine_ratio_end,machine_ratio_delta,machine_ratio_avg,machine_ratio_min,machine_ratio_max,machine_ratio_std
4.934684317718941,4.815894433129667,4.946783604887983,4.8952640868974875,4.942990670059372,4.70387074829932,4.901285811269517,4.889714867617108,4.907015614392396,4.941530759263407,4.817370579527773,4.955569985785062,4.681800635290288,4.70476427622842,4.846501900703313,4.934684317718941,4.932118055555555,4.964196203384002,1.0483241595069654,1.048869619813309,1.0005203164511633,26.881200000000003,27.000000000000007,2.146443,2.1176554999999997,0.565,3.5720977596741346,3.3082697201017814,4.630102040816326,-6.635641547861502,-0.043063657407407384,0.010270505280465442,0.0003340122200370388,0.006021724372029288,-0.0014599107959649396,0.11349983122845325,-0.01730074677528819,0.059998044425146196,0.06493586079228265,0.12103748267265194,0.5637229651328952,0.4831105917561843,-16.398666666666653,153,0,153,99,75,2.04,0.31160896130346233,0.3893129770992366,0.0,153,0,153,0.2016293279022403,0.5112016293279023,0.30957230142566194,0.3711041165216318,0.2016293279022403,0.5112016293279023,0.09110834514638949
