t_pre,t_test,t_train,t_train_end,t_train_HDV_end,t_train_CAV_end,t_dynamic,t_dynamic_start,t_dynamic_end,t_dynamic_HDV,t_dynamic_CAV,t_dynamic_HDV_start,t_dynamic_CAV_start,t_CAV,t_CAV_dynamic_end,t_HDV_pre,t_HDV_test,t_HDV_dynamic_end,CAV_advantage,Effect_of_change,Effect_of_remaining,avg_speed_pre,avg_speed_test,avg_mileage_pre,avg_mileage_test,winrate,cost_of_learning,cost_of_learning_humans,cost_of_learning_CAVs,avg_time_lost,avg_human_time_lost,avg_CAV_time_lost,diff_sumo_routerl,switch_cost,switch_cost_hdv,switch_cost_cav,dynamic_recovery,dynamic_volatility,dynamic_volatility_hdv,dynamic_volatility_cav,dynamic_instability_humans,dynamic_instability_CAVs,dynamic_time_excess,switches_hdv_to_cav,switches_cav_to_hdv,switches_total,switch_events,switch_events_with_changes,switches_per_event,switches_per_agent,switches_per_agent_hdv_to_cav,switches_per_agent_cav_to_hdv,switch_churn_hdv_to_cav,switch_churn_cav_to_hdv,switch_churn_total,machine_ratio_start,machine_ratio_end,machine_ratio_delta,machine_ratio_avg,machine_ratio_min,machine_ratio_max,machine_ratio_std
4.934684317718941,5.8060811269518,5.170615071283096,5.1989416157501696,4.959261238337574,6.160108843537415,5.468030719619823,5.255391038696538,5.695267481330618,4.902267530879437,6.3501134535969275,4.937009829333525,6.190859766848765,6.696331380208333,6.585881286059026,4.934684317718941,4.836276595744681,4.830831611955654,0.7222277872983964,0.7369235537392738,1.02034782751277,26.881200000000003,26.1054,2.146443,2.3673575000000002,0.0,3.9669721656483365,3.6946564885496183,5.059013605442177,171.28336727766464,-0.03501046943600131,0.8143198164682541,-0.000367617108054219,0.26908910386965396,-0.056993707458138,0.19000461005951194,-0.43987644263408093,0.18964699756528783,0.0775412357348182,0.22199577496252554,0.5852250375974504,0.3171673857861461,261.8730833333333,158,0,158,99,76,2.0789473684210527,0.32179226069246436,0.4020356234096692,0.0,158,0,158,0.2077393075356415,0.5213849287169042,0.3136456211812627,0.38013536587874663,0.2077393075356415,0.5213849287169042,0.09062018495490978
