t_pre,t_test,t_train,t_train_end,t_train_HDV_end,t_train_CAV_end,t_dynamic,t_dynamic_start,t_dynamic_end,t_dynamic_HDV,t_dynamic_CAV,t_dynamic_HDV_start,t_dynamic_CAV_start,t_CAV,t_CAV_dynamic_end,t_HDV_pre,t_HDV_test,t_HDV_dynamic_end,CAV_advantage,Effect_of_change,Effect_of_remaining,avg_speed_pre,avg_speed_test,avg_mileage_pre,avg_mileage_test,winrate,cost_of_learning,cost_of_learning_humans,cost_of_learning_CAVs,avg_time_lost,avg_human_time_lost,avg_CAV_time_lost,diff_sumo_routerl,switch_cost,switch_cost_hdv,switch_cost_cav,dynamic_recovery,dynamic_volatility,dynamic_volatility_hdv,dynamic_volatility_cav,dynamic_instability_humans,dynamic_instability_CAVs,dynamic_time_excess,switches_hdv_to_cav,switches_cav_to_hdv,switches_total,switch_events,switch_events_with_changes,switches_per_event,switches_per_agent,switches_per_agent_hdv_to_cav,switches_per_agent_cav_to_hdv,switch_churn_hdv_to_cav,switch_churn_cav_to_hdv,switch_churn_total,machine_ratio_start,machine_ratio_end,machine_ratio_delta,machine_ratio_avg,machine_ratio_min,machine_ratio_max,machine_ratio_std
4.934684317718941,4.882701968771215,4.915146469789545,4.909321113374067,4.946080576759965,4.761908163265305,4.912225560081466,4.906794976238968,4.89819551934827,4.995272839157004,4.77831480039984,4.975036927575849,4.700366715480771,4.742329545454546,4.754762671055355,4.934684317718941,5.045954478707783,5.041658828579354,1.0640244273079371,1.040561241141237,0.9779486395570224,26.881200000000003,26.9046,2.146443,2.132263,0.895,3.3362525458248475,3.252205258693808,3.673299319727891,-9.438968092328574,-0.03988811971190824,-0.007499999999999984,0.0003818737270648853,0.0029044467073987335,0.04919226239703865,0.01640663713453421,0.00859945689069832,0.051507409919492424,0.062131421637243986,0.09897415707586595,0.568927110514455,0.16075379833150244,-11.027249999999984,166,0,166,99,82,2.024390243902439,0.3380855397148676,0.4223918575063613,0.0,166,0,166,0.2057026476578411,0.5376782077393075,0.33197556008146645,0.3839206731263758,0.2057026476578411,0.5376782077393075,0.09518041900799294
